-86,-160,-245,-263,-302,-384,-405,-422,-433,-443,-536,-542,-618,-670,-693,-768,-809,-867,-893,-910,-971,-1068,-1122,-1169,-1228,-1301,-1314,-1402,-1439,-1475,-1555,-1616,-1654,-1679,-1781,-1834,-1862,-1969,-1995,-2064,-2114,-2194,-2238,-2271,-2318,-2356,-2355,-2408,-2470,-2486,-2555,-2582,-2681,-2695,-2759,-2802,-2868,-2937,-2973,-3030,-3075,-3112,-3162,-3179,-3228,-3306,-3377,-3453,-3498,-3592,-3647,-3702,-3781,-3814,-3859,-3897,-3954,-4028,-4019,-4022,-4076,-4076,-4139,-4162,-4222,-4242,-4258,-4324,-4375,-4511,-4541,-4592,-4664,-4703,-4739,-4799,-4828,-4899,-4944,-4988
-138,-297,-415,-495,-582,-755,-841,-948,-1004,-1095,-1215,-1259,-1347,-1405,-1437,-1578,-1617,-1758,-1857,-1916,-2005,-2156,-2249,-2323,-2401,-2452,-2545,-2644,-2761,-2795,-2912,-3060,-3189,-3259,-3413,-3502,-3633,-3788,-3814,-3982,-4070,-4211,-4261,-4311,-4442,-4543,-4607,-4707,-4820,-4848,-4920,-5001,-5117,-5145,-5229,-5317,-5356,-5469,-5593,-5701,-5801,-5880,-5973,-6055,-6199,-6367,-6498,-6601,-6719,-6868,-7042,-7149,-7274,-7399,-7538,-7585,-7689,-7827,-7861,-7889,-8028,-8072,-8224,-8307,-8421,-8491,-8537,-8658,-8701,-8883,-8982,-9028,-9154,-9224,-9301,-9407,-9494,-9633,-9698,-9811
-244,-412,-571,-664,-822,-1052,-1192,-1349,-1451,-1577,-1707,-1776,-1925,-2041,-2132,-2321,-2392,-2560,-2727,-2850,-3025,-3288,-3401,-3539,-3677,-3812,-4008,-4167,-4344,-4456,-4618,-4812,-4993,-5087,-5324,-5471,-5658,-5800,-5864,-6083,-6229,-6416,-6583,-6682,-6873,-7022,-7101,-7303,-7512,-7601,-7718,-7863,-8066,-8134,-8265,-8402,-8476,-8618,-8780,-8885,-9091,-9187,-9279,-9415,-9605,-9849,-10045,-10156,-10319,-10493,-10648,-10843,-10969,-11148,-11343,-11397,-11578,-11726,-11786,-11840,-11987,-12089,-12274,-12412,-12542,-12649,-12771,-12933,-13017,-13317,-13482,-13545,-13712,-13908,-14038,-14192,-14294,-14483,-14580,-14756
-331,-559,-776,-920,-1101,-1396,-1549,-1733,-1918,-2088,-2282,-2385,-2627,-2813,-2932,-3173,-3333,-3516,-3756,-3918,-4143,-4441,-4637,-4868,-5021,-5189,-5453,-5669,-5872,-6074,-6261,-6504,-6726,-6848,-7178,-7429,-7713,-7849,-7923,-8212,-8443,-8733,-8946,-9051,-9320,-9523,-9673,-9969,-10231,-10381,-10557,-10746,-11025,-11191,-11390,-11595,-11721,-11928,-12129,-12282,-12554,-12722,-12867,-13053,-13351,-13602,-13807,-14007,-14223,-14363,-14588,-14804,-15004,-15283,-15543,-15652,-15828,-16059,-16209,-16368,-16570,-16713,-16915,-17076,-17210,-17382,-17517,-17764,-17915,-18265,-18449,-18551,-18784,-19083,-19244,-19437,-19591,-19860,-20010,-20250
-370,-599,-840,-1016,-1230,-1556,-1767,-2028,-2236,-2491,-2742,-2855,-3127,-3364,-3549,-3849,-4068,-4322,-4611,-4793,-5108,-5435,-5703,-5924,-6148,-6376,-6650,-6902,-7189,-7439,-7673,-8001,-8256,-8414,-8788,-9108,-9419,-9580,-9734,-10115,-10428,-10754,-11012,-11147,-11486,-11730,-11910,-12295,-12579,-12805,-13058,-13298,-13631,-13804,-14020,-14186,-14363,-14670,-14948,-15156,-15473,-15681,-15853,-16132,-16498,-16777,-17023,-17282,-17551,-17742,-17952,-18275,-18511,-18862,-19168,-19339,-19549,-19849,-20029,-20229,-20457,-20676,-20914,-21118,-21247,-21481,-21727,-22049,-22234,-22641,-22884,-23043,-23372,-23679,-23897,-24119,-24352,-24701,-24939,-25187
-415,-712,-956,-1211,-1511,-1888,-2131,-2420,-2679,-2992,-3288,-3451,-3770,-4070,-4287,-4632,-4937,-5263,-5609,-5815,-6193,-6594,-6941,-7176,-7468,-7784,-8143,-8455,-8785,-9089,-9412,-9812,-10106,-10300,-10725,-11096,-11430,-11669,-11928,-12381,-12721,-13097,-13365,-13552,-13973,-14272,-14520,-14983,-15314,-15584,-15893,-16191,-16530,-16784,-17063,-17248,-17477,-17842,-18232,-18489,-18849,-19080,-19291,-19569,-20047,-20390,-20660,-21009,-21290,-21563,-21878,-22182,-22479,-22843,-23136,-23353,-23634,-24026,-24297,-24594,-24837,-25098,-25358,-25633,-25824,-26107,-26385,-26811,-27048,-27514,-27859,-28082,-28412,-28789,-29070,-29383,-29657,-30032,-30305,-30607
-500,-825,-1142,-1435,-1835,-2289,-2578,-2896,-3185,-3562,-3887,-4058,-4433,-4746,-5034,-5443,-5812,-6197,-6564,-6793,-7214,-7636,-7996,-8227,-8552,-8893,-9286,-9640,-10027,-10365,-10758,-11161,-11516,-11690,-12167,-12634,-13046,-13395,-13753,-14274,-14692,-15117,-15460,-15692,-16176,-16500,-16787,-17290,-17677,-18035,-18427,-18750,-19143,-19377,-19710,-19962,-20210,-20612,-21030,-21381,-21782,-22087,-22347,-22675,-23209,-23568,-23837,-24219,-24551,-24870,-25296,-25687,-25995,-26448,-26779,-27060,-27360,-27777,-28073,-28372,-28670,-29011,-29375,-29651,-29865,-30243,-30531,-31001,-31289,-31810,-32189,-32487,-32875,-33319,-33649,-33967,-34325,-34773,-35094,-35457
-570,-929,-1300,-1659,-2137,-2630,-2928,-3304,-3560,-4042,-4443,-4672,-5110,-5472,-5776,-6243,-6691,-7164,-7554,-7794,-8289,-8730,-9140,-9379,-9789,-10206,-10611,-11031,-11517,-11890,-12365,-12804,-13178,-13451,-13972,-14451,-14903,-15325,-15674,-16252,-16781,-17276,-17696,-17943,-18475,-18845,-19166,-19683,-20102,-20526,-20947,-21350,-21780,-22061,-22472,-22757,-23035,-23498,-23977,-24403,-24779,-25128,-25455,-25851,-26400,-26867,-27194,-27582,-27937,-28309,-28784,-29221,-29619,-30146,-30517,-30850,-31182,-31694,-32058,-32423,-32737,-33151,-33616,-33901,-34161,-34582,-34917,-35454,-35796,-36371,-36791,-37128,-37496,-37965,-38339,-38697,-39137,-39674,-40026,-40460
-631,-1030,-1435,-1847,-2396,-2903,-3258,-3753,-4011,-4550,-5006,-5272,-5780,-6234,-6584,-7129,-7680,-8161,-8631,-8948,-9491,-9986,-10445,-10721,-11174,-11616,-12107,-12579,-13118,-13538,-14054,-14507,-14933,-15266,-15772,-16283,-16811,-17259,-17656,-18287,-18818,-19335,-19816,-20147,-20744,-21118,-21490,-22022,-22496,-22944,-23367,-23804,-24303,-24615,-25084,-25395,-25692,-26194,-26740,-27249,-27646,-28034,-28426,-28835,-29477,-30011,-30375,-30838,-31275,-31706,-32249,-32694,-33138,-33735,-34115,-34508,-34904,-35509,-35898,-36288,-36637,-37098,-37671,-37968,-38302,-38749,-39178,-39792,-40121,-40760,-41220,-41630,-42009,-42543,-42949,-43337,-43824,-44394,-44770,-45234
-731,-1151,-1599,-2030,-2638,-3193,-3549,-4105,-4370,-5013,-5539,-5875,-6422,-6920,-7302,-7891,-8449,-8939,-9466,-9843,-10421,-10955,-11489,-11834,-12320,-12846,-13379,-13920,-14579,-15025,-15597,-16137,-16592,-16979,-17497,-18084,-18646,-19153,-19604,-20287,-20902,-21481,-21996,-22401,-23034,-23442,-23846,-24408,-24960,-25428,-25897,-26360,-26916,-27340,-27878,-28230,-28603,-29132,-29695,-30286,-30752,-31178,-31567,-32052,-32805,-33360,-33738,-34283,-34690,-35168,-35688,-36211,-36713,-37350,-37766,-38172,-38637,-39280,-39727,-40163,-40595,-41137,-41782,-42167,-42561,-43069,-43589,-44274,-44607,-45326,-45760,-46180,-46603,-47162,-47569,-47955,-48510,-49130,-49553,-50068
-769,-1231,-1628,-2109,-2756,-3387,-3789,-4388,-4685,-5391,-5971,-6382,-6959,-7516,-7958,-8572,-9154,-9684,-10231,-10669,-11314,-11849,-12451,-12820,-13330,-13941,-14579,-15100,-15821,-16326,-16899,-17490,-18011,-18424,-18972,-19631,-20265,-20820,-21332,-22107,-22804,-23452,-23956,-24464,-25132,-25615,-26074,-26643,-27296,-27883,-28401,-28912,-29425,-29945,-30511,-30949,-31366,-31998,-32616,-33260,-33714,-34164,-34581,-35099,-35844,-36423,-36889,-37508,-37966,-38494,-39052,-39601,-40123,-40809,-41269,-41721,-42269,-42942,-43405,-43884,-44368,-44935,-45616,-46075,-46499,-47058,-47604,-48351,-48747,-49533,-50010,-50470,-50918,-51532,-52004,-52419,-53045,-53752,-54225,-54806
-819,-1391,-1856,-2379,-3081,-3780,-4241,-4903,-5252,-5978,-6596,-7053,-7743,-8349,-8838,-9513,-10109,-10633,-11255,-11741,-12454,-13000,-13650,-14046,-14598,-15263,-15943,-16492,-17234,-17776,-18407,-18988,-19513,-20009,-20603,-21343,-21996,-22602,-23217,-24029,-24805,-25465,-26034,-26629,-27357,-27847,-28373,-28988,-29755,-30380,-30964,-31522,-32122,-32704,-33352,-33817,-34298,-34976,-35606,-36358,-36788,-37275,-37694,-38240,-39050,-39642,-40142,-40789,-41321,-41868,-42435,-43006,-43645,-44367,-44860,-45371,-45956,-46642,-47116,-47650,-48179,-48814,-49519,-49972,-50429,-51031,-51653,-52417,-52857,-53729,-54262,-54750,-55220,-55798,-56359,-56778,-57482,-58246,-58854,-59455
-919,-1541,-2137,-2757,-3510,-4259,-4792,-5519,-5954,-6758,-7369,-7904,-8666,-9343,-9827,-10552,-11211,-11772,-12434,-12970,-13740,-14312,-15018,-15456,-16045,-16804,-17491,-18083,-18855,-19433,-20132,-20740,-21345,-21840,-22488,-23301,-23991,-24664,-25362,-26261,-27059,-27780,-28416,-29022,-29823,-30404,-30982,-31642,-32448,-33096,-33773,-34390,-35009,-35623,-36330,-36855,-37377,-38129,-38857,-39720,-40171,-40709,-41186,-41835,-42663,-43305,-43823,-44530,-45079,-45664,-46306,-46917,-47638,-48351,-48928,-49489,-50143,-50869,-51384,-51929,-52510,-53149,-53899,-54424,-54921,-55534,-56256,-57033,-57573,-58489,-59117,-59693,-60206,-60839,-61425,-61872,-62631,-63404,-64043,-64686
-931,-1642,-2291,-2959,-3727,-4571,-5163,-5939,-6404,-7285,-7963,-8511,-9307,-10046,-10549,-11301,-12008,-12616,-13347,-13896,-14767,-15415,-16137,-16585,-17212,-18047,-18761,-19432,-20282,-20916,-21597,-22205,-22869,-23443,-24122,-24933,-25702,-26454,-27205,-28199,-29100,-29892,-30522,-31180,-32065,-32668,-33303,-33987,-34826,-35581,-36316,-36948,-37605,-38232,-39006,-39557,-40130,-40878,-41643,-42581,-43104,-43757,-44255,-44970,-45845,-46569,-47164,-47889,-48441,-49133,-49848,-50484,-51274,-52105,-52754,-53317,-53979,-54770,-55354,-55998,-56642,-57303,-58127,-58747,-59286,-59979,-60812,-61635,-62257,-63239,-63923,-64557,-65061,-65740,-66349,-66863,-67679,-68479,-69201,-69891
-976,-1786,-2460,-3189,-4036,-4914,-5526,-6356,-6877,-7759,-8457,-9029,-9937,-10728,-11273,-12097,-12842,-13520,-14266,-14854,-15785,-16488,-17218,-17752,-18429,-19298,-20059,-20804,-21727,-22412,-23128,-23738,-24477,-25060,-25762,-26675,-27492,-28286,-29093,-30136,-31062,-31911,-32600,-33313,-34269,-34891,-35553,-36307,-37185,-37953,-38768,-39437,-40130,-40807,-41664,-42227,-42809,-43630,-44478,-45458,-46002,-46716,-47253,-48044,-48969,-49726,-50345,-51112,-51696,-52453,-53193,-53903,-54724,-55564,-56268,-56927,-57629,-58491,-59102,-59758,-60424,-61115,-61980,-62647,-63259,-63944,-64817,-65696,-66350,-67491,-68258,-68971,-69523,-70224,-70837,-71439,-72270,-73124,-73867,-74559
-1015,-1886,-2609,-3404,-4332,-5265,-5934,-6781,-7376,-8294,-9031,-9625,-10566,-11494,-12096,-12993,-13739,-14485,-15310,-15920,-16941,-17656,-18405,-18982,-19733,-20665,-21426,-22216,-23187,-23914,-24693,-25362,-26120,-26766,-27507,-28473,-29356,-30228,-31078,-32168,-33137,-33983,-34667,-35415,-36442,-37068,-37806,-38637,-39537,-40361,-41239,-41966,-42663,-43392,-44276,-44888,-45468,-46396,-47301,-48370,-48963,-49680,-50271,-51103,-52050,-52852,-53546,-54373,-54976,-55814,-56601,-57402,-58283,-59229,-59950,-60674,-61373,-62305,-62938,-63618,-64375,-65136,-66028,-66675,-67385,-68078,-69027,-69963,-70629,-71826,-72694,-73459,-74029,-74797,-75438,-76058,-76895,-77802,-78614,-79342
-1031,-2011,-2788,-3633,-4599,-5620,-6319,-7194,-7834,-8785,-9565,-10213,-11225,-12211,-12903,-13872,-14619,-15392,-16310,-16969,-18040,-18805,-19603,-20266,-21077,-22051,-22889,-23725,-24797,-25570,-26391,-27132,-27918,-28650,-29449,-30432,-31367,-32287,-33190,-34321,-35361,-36269,-36993,-37772,-38897,-39569,-40384,-41267,-42184,-43041,-43970,-44782,-45544,-46322,-47278,-47927,-48549,-49535,-50465,-51549,-52214,-53046,-53716,-54595,-55639,-56464,-57204,-58055,-58719,-59588,-60394,-61238,-62139,-63115,-63917,-64658,-65374,-66384,-67110,-67871,-68674,-69472,-70466,-71193,-71951,-72695,-73722,-74751,-75450,-76688,-77612,-78447,-79064,-79859,-80565,-81256,-82149,-83104,-83942,-84728
-1113,-2160,-2959,-3820,-4852,-5902,-6640,-7569,-8248,-9239,-10057,-10791,-11880,-12937,-13686,-14730,-15523,-16336,-17306,-18032,-19186,-20020,-20875,-21598,-22434,-23484,-24429,-25300,-26408,-27292,-28147,-28914,-29719,-30511,-31353,-32406,-33346,-34300,-35249,-36424,-37519,-38508,-39335,-40189,-41355,-42155,-42978,-43926,-44926,-45866,-46814,-47687,-48475,-49262,-50310,-50972,-51659,-52696,-53714,-54880,-55612,-56505,-57221,-58132,-59234,-60076,-60896,-61885,-62603,-63496,-64358,-65237,-66196,-67234,-68040,-68859,-69631,-70702,-71445,-72300,-73192,-74061,-75081,-75872,-76711,-77503,-78613,-79702,-80436,-81717,-82661,-83545,-84225,-85079,-85848,-86584,-87545,-88575,-89485,-90353
-1127,-2209,-3032,-3948,-5042,-6092,-6886,-7855,-8610,-9632,-10518,-11278,-12463,-13625,-14458,-15540,-16415,-17230,-18268,-19010,-20210,-21132,-22006,-22694,-23600,-24699,-25720,-26682,-27852,-28765,-29726,-30527,-31426,-32310,-33179,-34275,-35220,-36226,-37222,-38497,-39656,-40633,-41551,-42495,-43699,-44546,-45418,-46406,-47457,-48433,-49452,-50284,-51122,-51945,-53065,-53757,-54489,-55592,-56633,-57874,-58696,-59627,-60429,-61413,-62617,-63489,-64370,-65401,-66204,-67138,-68047,-68961,-69983,-71021,-71879,-72735,-73512,-74670,-75522,-76453,-77368,-78268,-79383,-80222,-81153,-81951,-83112,-84239,-84984,-86328,-87353,-88239,-88943,-89830,-90648,-91445,-92403,-93446,-94382,-95319
-1163,-2302,-3217,-4167,-5285,-6356,-7218,-8261,-9040,-10081,-11075,-11856,-13080,-14355,-15246,-16394,-17298,-18136,-19275,-20002,-21239,-22202,-23097,-23835,-24842,-26007,-27064,-28070,-29294,-30264,-31258,-32106,-33072,-33950,-34885,-36011,-36980,-38041,-39034,-40394,-41619,-42677,-43660,-44642,-45978,-46858,-47776,-48755,-49871,-50873,-51933,-52755,-53724,-54612,-55781,-56543,-57313,-58473,-59592,-60967,-61872,-62883,-63741,-64780,-66069,-66985,-67890,-68993,-69828,-70864,-71838,-72802,-73871,-74954,-75825,-76754,-77616,-78832,-79706,-80688,-81698,-82618,-83791,-84687,-85666,-86504,-87716,-88901,-89679,-91061,-92109,-93028,-93777,-94728,-95615,-96477,-97478,-98591,-99583,-100541
-1206,-2419,-3416,-4411,-5539,-6672,-7578,-8634,-9449,-10540,-11631,-12499,-13770,-15143,-16102,-17360,-18279,-19195,-20407,-21183,-22474,-23519,-24453,-25245,-26325,-27520,-28616,-29718,-30985,-32053,-33080,-33978,-34983,-35894,-36897,-38033,-39074,-40212,-41281,-42689,-43944,-45056,-46086,-47103,-48514,-49444,-50441,-51428,-52605,-53692,-54789,-55659,-56645,-57596,-58798,-59592,-60443,-61681,-62864,-64230,-65199,-66271,-67180,-68254,-69614,-70604,-71589,-72703,-73570,-74617,-75692,-76696,-77810,-78866,-79791,-80746,-81700,-82957,-83837,-84877,-85974,-86911,-88171,-89131,-90188,-91111,-92383,-93638,-94449,-95849,-96900,-97843,-98637,-99614,-100632,-101575,-102640,-103823,-104838,-105816
-1234,-2499,-3519,-4558,-5773,-6970,-7965,-9042,-9859,-10963,-12146,-13084,-14454,-15818,-16782,-18079,-19026,-20010,-21313,-22164,-23501,-24636,-25621,-26459,-27568,-28840,-29988,-31170,-32473,-33592,-34706,-35629,-36718,-37685,-38746,-40005,-41099,-42250,-43332,-44730,-45996,-47155,-48226,-49273,-50719,-51693,-52758,-53769,-54998,-56146,-57300,-58252,-59259,-60311,-61583,-62404,-63302,-64550,-65725,-67127,-68164,-69280,-70219,-71336,-72779,-73885,-74968,-76135,-77039,-78160,-79315,-80339,-81498,-82583,-83548,-84547,-85527,-86832,-87738,-88844,-89999,-91011,-92368,-93349,-94474,-95448,-96758,-98079,-98944,-100360,-101472,-102498,-103319,-104330,-105406,-106382,-107443,-108723,-109794,-110791
-1293,-2635,-3722,-4786,-6048,-7332,-8379,-9483,-10350,-11462,-12646,-13601,-14969,-16398,-17404,-18783,-19765,-20784,-22113,-23005,-24410,-25542,-26568,-27439,-28618,-29937,-31123,-32375,-33759,-34946,-36077,-37113,-38281,-39322,-40417,-41682,-42839,-44092,-45213,-46672,-47999,-49177,-50288,-51429,-52918,-53959,-55088,-56131,-57372,-58614,-59755,-60773,-61811,-62841,-64165,-65054,-65943,-67252,-68467,-69950,-71007,-72237,-73245,-74395,-75876,-77075,-78246,-79455,-80345,-81501,-82728,-83756,-84933,-86035,-87005,-88038,-89091,-90520,-91434,-92547,-93732,-94791,-96182,-97217,-98385,-99374,-100753,-102131,-103036,-104538,-105748,-106812,-107697,-108803,-109908,-110943,-112081,-113372,-114461,-115496
-1307,-2688,-3780,-4920,-6250,-7567,-8678,-9818,-10768,-11940,-13130,-14134,-15527,-16994,-18071,-19529,-20566,-21614,-22933,-23861,-25376,-26534,-27626,-28500,-29745,-31090,-32289,-33610,-35011,-36270,-37483,-38589,-39835,-40858,-42043,-43380,-44571,-45897,-47100,-48611,-50035,-51270,-52412,-53605,-55135,-56248,-57504,-58639,-59937,-61224,-62415,-63490,-64522,-65598,-66980,-67930,-68887,-70223,-71512,-73065,-74117,-75411,-76475,-77675,-79254,-80474,-81716,-82983,-83980,-85176,-86424,-87495,-88686,-89837,-90863,-91940,-93071,-94558,-95522,-96709,-97961,-99076,-100522,-101584,-102776,-103831,-105207,-106611,-107547,-109066,-110353,-111492,-112441,-113627,-114772,-115917,-117095,-118464,-119602,-120660
-1365,-2768,-3897,-5144,-6518,-7863,-9035,-10215,-11210,-12410,-13700,-14725,-16161,-17729,-18847,-20345,-21451,-22530,-23885,-24865,-26442,-27662,-28864,-29801,-31028,-32403,-33702,-35075,-36512,-37796,-39035,-40166,-41486,-42540,-43742,-45103,-46325,-47664,-48894,-50441,-51892,-53150,-54380,-55580,-57103,-58191,-59510,-60664,-62040,-63382,-64617,-65782,-66869,-68021,-69412,-70384,-71376,-72767,-74109,-75699,-76838,-78160,-79279,-80539,-82190,-83453,-84699,-86004,-87062,-88302,-89626,-90742,-91977,-93159,-94273,-95442,-96634,-98164,-99183,-100411,-101753,-102953,-104498,-105605,-106803,-107890,-109284,-110721,-111726,-113298,-114604,-115788,-116775,-118023,-119226,-120450,-121655,-123081,-124260,-125381
-1377,-2810,-4016,-5293,-6713,-8113,-9314,-10516,-11537,-12817,-14128,-15196,-16711,-18306,-19475,-21039,-22147,-23263,-24678,-25693,-27260,-28481,-29757,-30738,-31976,-33398,-34729,-36169,-37652,-38959,-40249,-41462,-42839,-43921,-45099,-46497,-47780,-49159,-50412,-52026,-53516,-54818,-56177,-57430,-58987,-60189,-61578,-62787,-64232,-65659,-66930,-68187,-69313,-70517,-72004,-73052,-74054,-75477,-76846,-78487,-79679,-81044,-82217,-83497,-85154,-86443,-87752,-89100,-90191,-91489,-92861,-94005,-95251,-96448,-97657,-98906,-100135,-101716,-102817,-104093,-105514,-106818,-108429,-109580,-110795,-111983,-113505,-114977,-116031,-117634,-119053,-120281,-121366,-122653,-123931,-125205,-126486,-127938,-129183,-130357
-1419,-2921,-4124,-5485,-6984,-8438,-9666,-10952,-12023,-13352,-14676,-15850,-17346,-19024,-20246,-21908,-23016,-24208,-25709,-26756,-28360,-29644,-30978,-32036,-33338,-34825,-36200,-37680,-39193,-40550,-41855,-43130,-44508,-45676,-46896,-48381,-49702,-51157,-52460,-54123,-55636,-57004,-58417,-59710,-61303,-62547,-63921,-65103,-66606,-68056,-69325,-70629,-71838,-73105,-74650,-75765,-76871,-78338,-79737,-81463,-82717,-84148,-85384,-86693,-88396,-89709,-91046,-92475,-93626,-94980,-96421,-97601,-98868,-100107,-101376,-102670,-103943,-105538,-106684,-108037,-109491,-110832,-112514,-113720,-115007,-116202,-117797,-119320,-120387,-122035,-123461,-124735,-125849,-127188,-128546,-129854,-131189,-132674,-133974,-135197
-1498,-3012,-4289,-5702,-7246,-8775,-10038,-11417,-12505,-13859,-15242,-16481,-18023,-19744,-21029,-22760,-23897,-25172,-26690,-27737,-29387,-30733,-32086,-33196,-34587,-36149,-37575,-39067,-40606,-42009,-43334,-44658,-46070,-47272,-48558,-50121,-51493,-52954,-54342,-56117,-57707,-59102,-60562,-61894,-63524,-64835,-66267,-67511,-69049,-70562,-71919,-73272,-74532,-75856,-77448,-78635,-79784,-81297,-82701,-84449,-85757,-87174,-88429,-89774,-91528,-92857,-94229,-95732,-96991,-98376,-99862,-101090,-102400,-103677,-104983,-106285,-107622,-109219,-110501,-111893,-113406,-114818,-116591,-117831,-119122,-120398,-122037,-123604,-124719,-126413,-127830,-129140,-130370,-131759,-133147,-134529,-135885,-137411,-138749,-140076
-1591,-3185,-4515,-5939,-7511,-9076,-10400,-11798,-12934,-14318,-15738,-17027,-18649,-20382,-21688,-23493,-24683,-26051,-27603,-28706,-30421,-31806,-33200,-34366,-35863,-37434,-38858,-40430,-42030,-43454,-44835,-46209,-47631,-48927,-50275,-51875,-53270,-54790,-56240,-58106,-59795,-61274,-62772,-64177,-65845,-67222,-68649,-69917,-71534,-73069,-74470,-75822,-77093,-78477,-80109,-81359,-82482,-84103,-85530,-87338,-88683,-90149,-91389,-92741,-94506,-95907,-97300,-98900,-100232,-101719,-103290,-104562,-105902,-107221,-108588,-109979,-111379,-113022,-114347,-115790,-117310,-118736,-120607,-121900,-123184,-124487,-126209,-127829,-129024,-130773,-132215,-133553,-134816,-136237,-137685,-139062,-140477,-141995,-143362,-144753
-1614,-3214,-4614,-6092,-7719,-9375,-10802,-12231,-13454,-14894,-16343,-17683,-19361,-21133,-22477,-24337,-25561,-26977,-28601,-29720,-31490,-32895,-34309,-35539,-37109,-38694,-40184,-41812,-43491,-44946,-46371,-47792,-49242,-50595,-51971,-53654,-55094,-56666,-58117,-60035,-61764,-63302,-64838,-66260,-67993,-69439,-70880,-72199,-73855,-75483,-76930,-78374,-79665,-81125,-82804,-84105,-85265,-86900,-88346,-90204,-91594,-93104,-94400,-95827,-97612,-99044,-100473,-102108,-103459,-104965,-106615,-107958,-109362,-110751,-112167,-113612,-115090,-116776,-118140,-119572,-121139,-122637,-124548,-125924,-127284,-128618,-130399,-132088,-133342,-135096,-136577,-137995,-139301,-140784,-142288,-143697,-145152,-146701,-148098,-149516
-1703,-3357,-4794,-6300,-7995,-9710,-11105,-12618,-13873,-15412,-16961,-18413,-20195,-22042,-23446,-25342,-26584,-28031,-29710,-30908,-32727,-34199,-35682,-36881,-38480,-40120,-41686,-43380,-45080,-46605,-48106,-49591,-51094,-52463,-53875,-55604,-57125,-58741,-60321,-62303,-64082,-65664,-67268,-68742,-70512,-71999,-73533,-74919,-76620,-78294,-79778,-81290,-82656,-84135,-85878,-87225,-88456,-90203,-91718,-93641,-95073,-96631,-97963,-99478,-101296,-102758,-104244,-105888,-107282,-108816,-110533,-111936,-113393,-114837,-116303,-117791,-119315,-121045,-122490,-124040,-125653,-127189,-129124,-130563,-131941,-133326,-135190,-136936,-138244,-140026,-141585,-143105,-144448,-146058,-147631,-149071,-150585,-152228,-153697,-155188
-1732,-3491,-4951,-6487,-8189,-9963,-11378,-12912,-14238,-15801,-17478,-18987,-20801,-22689,-24098,-26043,-27352,-28851,-30577,-31811,-33696,-35164,-36678,-37887,-39531,-41247,-42898,-44614,-46372,-47987,-49579,-51151,-52748,-54113,-55609,-57404,-58981,-60625,-62263,-64263,-66109,-67729,-69367,-70934,-72763,-74277,-75865,-77337,-79074,-80808,-82384,-83900,-85342,-86862,-88659,-90074,-91339,-93159,-94737,-96720,-98186,-99811,-101168,-102697,-104509,-106038,-107561,-109231,-110660,-112241,-113987,-115435,-116950,-118456,-119996,-121532,-123095,-124870,-126367,-127970,-129614,-131164,-133124,-134653,-136113,-137516,-139471,-141261,-142631,-144457,-146060,-147621,-148967,-150619,-152209,-153725,-155300,-156972,-158475,-160036
-1748,-3554,-5040,-6601,-8348,-10163,-11647,-13284,-14632,-16231,-17973,-19584,-21468,-23411,-24893,-26906,-28328,-29849,-31625,-32895,-34809,-36323,-37899,-39195,-40853,-42645,-44309,-46061,-47855,-49561,-51212,-52861,-54463,-55888,-57460,-59287,-60866,-62602,-64275,-66290,-68193,-69852,-71469,-73033,-74940,-76529,-78175,-79687,-81441,-83252,-84854,-86406,-87896,-89490,-91361,-92833,-94155,-96046,-97691,-99726,-101215,-102905,-104337,-105889,-107762,-109263,-110859,-112632,-114119,-115737,-117500,-119090,-120659,-122221,-123785,-125399,-126974,-128827,-130406,-132069,-133755,-135333,-137314,-138898,-140439,-141895,-143926,-145806,-147230,-149116,-150731,-152348,-153735,-155496,-157124,-158665,-160251,-161945,-163460,-165121
-1826,-3718,-5274,-6879,-8668,-10548,-12025,-13718,-15091,-16716,-18585,-20253,-22240,-24215,-25783,-27866,-29344,-30907,-32746,-34054,-36026,-37599,-39184,-40498,-42225,-44047,-45783,-47572,-49425,-51198,-52915,-54562,-56173,-57594,-59217,-61081,-62701,-64497,-66250,-68304,-70235,-71957,-73605,-75211,-77169,-78765,-80464,-82022,-83810,-85715,-87333,-88965,-90510,-92157,-94071,-95565,-96926,-98887,-100578,-102624,-104199,-105909,-107399,-109000,-110941,-112509,-114116,-115921,-117459,-119089,-120850,-122468,-124056,-125653,-127252,-128904,-130543,-132521,-134192,-135886,-137591,-139224,-141219,-142882,-144509,-146001,-148061,-150056,-151531,-153442,-155106,-156754,-158220,-160041,-161703,-163296,-164925,-166658,-168196,-169944
-1930,-3849,-5438,-7088,-8901,-10843,-12334,-14062,-15448,-17164,-19071,-20796,-22890,-24879,-26501,-28628,-30229,-31872,-33806,-35168,-37191,-38761,-40447,-41800,-43565,-45438,-47228,-49108,-51016,-52787,-54550,-56219,-57912,-59392,-61119,-63029,-64678,-66537,-68341,-70434,-72428,-74207,-75880,-77506,-79482,-81147,-82883,-84454,-86295,-88212,-89848,-91560,-93144,-94802,-96760,-98286,-99682,-101725,-103434,-105535,-107216,-108953,-110461,-112140,-114095,-115694,-117341,-119151,-120764,-122502,-124309,-125994,-127664,-129259,-130903,-132610,-134276,-136300,-138057,-139796,-141560,-143261,-145313,-147059,-148725,-150208,-152339,-154347,-155863,-157829,-159565,-161254,-162780,-164620,-166391,-167986,-169669,-171452,-173026,-174823
-2001,-3950,-5579,-7239,-9067,-11076,-12657,-14457,-15860,-17596,-19630,-21436,-23613,-25657,-27307,-29506,-31156,-32884,-34874,-36325,-38418,-40021,-41736,-43110,-44894,-46866,-48703,-50627,-52567,-54369,-56191,-57929,-59674,-61201,-63006,-65005,-66668,-68561,-70424,-72572,-74613,-76409,-78116,-79800,-81844,-83590,-85356,-86994,-88869,-90857,-92592,-94340,-95997,-97672,-99732,-101332,-102781,-104868,-106631,-108789,-110508,-112304,-113902,-115624,-117633,-119236,-120905,-122758,-124466,-126250,-128101,-129836,-131520,-133186,-134854,-136611,-138373,-140456,-142246,-144042,-145857,-147641,-149719,-151556,-153297,-154819,-157011,-159118,-160721,-162736,-164473,-166200,-167714,-169621,-171461,-173144,-174888,-176704,-178366,-180232
-2053,-4070,-5721,-7427,-9293,-11357,-13062,-14917,-16436,-18223,-20321,-22140,-24414,-26516,-28197,-30480,-32145,-33936,-36005,-37500,-39625,-41251,-43016,-44494,-46403,-48432,-50273,-52297,-54244,-56081,-57945,-59744,-61545,-63108,-64987,-67011,-68706,-70668,-72651,-74831,-76912,-78826,-80574,-82336,-84446,-86217,-88082,-89797,-91759,-93843,-95689,-97477,-99187,-100933,-103018,-104657,-106138,-108241,-110101,-112349,-114139,-115938,-117590,-119397,-121451,-123118,-124814,-126702,-128426,-130219,-132113,-133928,-135617,-137337,-139051,-140837,-142678,-144836,-146686,-148540,-150366,-152147,-154286,-156156,-157959,-159473,-161747,-163886,-165581,-167668,-169499,-171301,-172854,-174792,-176677,-178413,-180191,-182020,-183728,-185647
-2072,-4091,-5821,-7546,-9495,-11593,-13357,-15256,-16816,-18656,-20814,-22698,-25002,-27109,-28814,-31175,-32896,-34725,-36862,-38389,-40567,-42262,-44090,-45618,-47548,-49646,-51569,-53625,-55605,-57536,-59457,-61333,-63178,-64814,-66783,-68862,-70636,-72629,-74626,-76833,-78974,-80926,-82725,-84569,-86753,-88517,-90414,-92154,-94214,-96322,-98233,-100055,-101835,-103683,-105842,-107502,-109006,-111192,-113142,-115420,-117246,-119055,-120761,-122588,-124698,-126397,-128160,-130103,-131834,-133699,-135649,-137515,-139275,-141066,-142785,-144593,-146497,-148721,-150575,-152494,-154320,-156180,-158334,-160225,-162075,-163649,-165897,-168093,-169802,-171989,-173908,-175685,-177236,-179222,-181189,-182971,-184818,-186696,-188474,-190457
-2162,-4252,-5968,-7738,-9713,-11845,-13684,-15663,-17268,-19148,-21366,-23329,-25662,-27868,-29641,-32039,-33804,-35642,-37803,-39335,-41508,-43219,-45125,-46701,-48651,-50791,-52772,-54920,-56973,-58948,-60915,-62837,-64741,-66398,-68424,-70541,-72370,-74384,-76420,-78650,-80829,-82811,-84661,-86573,-88740,-90567,-92503,-94288,-96430,-98602,-100567,-102456,-104328,-106257,-108417,-110160,-111703,-113944,-115991,-118349,-120172,-122040,-123797,-125708,-127860,-129625,-131446,-133423,-135276,-137211,-139189,-141109,-142916,-144773,-146551,-148436,-150435,-152728,-154593,-156543,-158379,-160320,-162486,-164439,-166367,-167961,-170257,-172476,-174223,-176434,-178368,-180141,-181776,-183845,-185818,-187624,-189528,-191446,-193274,-195271
-2198,-4389,-6176,-8009,-10074,-12285,-14186,-16225,-17875,-19770,-22032,-24041,-26432,-28694,-30526,-33009,-34845,-36771,-38989,-40629,-42850,-44618,-46563,-48191,-50191,-52372,-54421,-56593,-58701,-60726,-62708,-64761,-66738,-68394,-70474,-72610,-74488,-76511,-78631,-80916,-83145,-85150,-87065,-89031,-91261,-93140,-95130,-96978,-99163,-101362,-103380,-105294,-107238,-109234,-111472,-113281,-114841,-117160,-119285,-121748,-123596,-125474,-127314,-129288,-131497,-133316,-135227,-137266,-139221,-141192,-143225,-145178,-147048,-148975,-150764,-152675,-154696,-157008,-158937,-160967,-162820,-164819,-167002,-168999,-170987,-172603,-174970,-177281,-179095,-181341,-183323,-185166,-186841,-188944,-191007,-192827,-194743,-196720,-198571,-200594
-2305,-4521,-6370,-8224,-10318,-12625,-14629,-16678,-18344,-20282,-22627,-24651,-27119,-29483,-31380,-33925,-35807,-37772,-40045,-41767,-44054,-45858,-47851,-49497,-51495,-53725,-55837,-58039,-60231,-62293,-64344,-66457,-68527,-70197,-72299,-74457,-76373,-78422,-80581,-82926,-85206,-87319,-89271,-91237,-93548,-95481,-97560,-99453,-101659,-103920,-105990,-107945,-109925,-111976,-114253,-116072,-117675,-120038,-122246,-124773,-126630,-128588,-130469,-132490,-134716,-136639,-138594,-140673,-142673,-144708,-146752,-148730,-150636,-152654,-154461,-156375,-158451,-160848,-162828,-164915,-166809,-168860,-171069,-173078,-175107,-176805,-179187,-181556,-183437,-185727,-187765,-189681,-191378,-193564,-195698,-197618,-199544,-201557,-203464,-205500
-2347,-4568,-6422,-8306,-10461,-12789,-14902,-16980,-18705,-20673,-23043,-25073,-27564,-29966,-31879,-34420,-36344,-38365,-40795,-42553,-44875,-46716,-48687,-50373,-52447,-54722,-56855,-59116,-61347,-63457,-65530,-67694,-69814,-71541,-73702,-75918,-77905,-79993,-82173,-84539,-86858,-89024,-91005,-93008,-95387,-97395,-99517,-101460,-103746,-106046,-108132,-110116,-112169,-114267,-116613,-118470,-120141,-122538,-124785,-127390,-129338,-131348,-133257,-135328,-137561,-139553,-141566,-143693,-145722,-147800,-149897,-151930,-153885,-155984,-157824,-159799,-161947,-164436,-166488,-168722,-170642,-172765,-175025,-177092,-179187,-180920,-183328,-185733,-187634,-189968,-192023,-194003,-195786,-198046,-200277,-202271,-204282,-206331,-208281,-210387
-2421,-4661,-6532,-8484,-10698,-13075,-15249,-17362,-19106,-21057,-23501,-25555,-28124,-30601,-32531,-35113,-37090,-39145,-41607,-43409,-45814,-47719,-49717,-51453,-53546,-55867,-58040,-60335,-62633,-64751,-66850,-69040,-71216,-73003,-75203,-77419,-79460,-81571,-83827,-86257,-88584,-90747,-92781,-94773,-97208,-99244,-101368,-103298,-105609,-107948,-110110,-112145,-114244,-116368,-118792,-120694,-122498,-124922,-127157,-129805,-131767,-133802,-135772,-137926,-140205,-142284,-144334,-146539,-148568,-150716,-152842,-154925,-156857,-158997,-160906,-162874,-165075,-167621,-169756,-172013,-174005,-176135,-178426,-180517,-182677,-184479,-186988,-189448,-191439,-193819,-195956,-197992,-199866,-202189,-204465,-206514,-208593,-210677,-212683,-214780
-2508,-4798,-6764,-8797,-11104,-13528,-15755,-17874,-19643,-21611,-24102,-26241,-28879,-31401,-33397,-36053,-38053,-40155,-42702,-44587,-47006,-48992,-51065,-52883,-55039,-57354,-59580,-61949,-64329,-66477,-68575,-70855,-73093,-74880,-77099,-79396,-81505,-83665,-86011,-88528,-90908,-93143,-95192,-97221,-99676,-101769,-103935,-105944,-108285,-110647,-112840,-114876,-117044,-119249,-121701,-123593,-125450,-127925,-130216,-132893,-134926,-136971,-138959,-141102,-143409,-145559,-147661,-149888,-151939,-154166,-156332,-158425,-160419,-162623,-164540,-166541,-168843,-171442,-173579,-175853,-177860,-180006,-182336,-184487,-186714,-188534,-191077,-193598,-195691,-198144,-200343,-202448,-204415,-206771,-209085,-211143,-213283,-215476,-217524,-219641
-2583,-4917,-6930,-8989,-11349,-13845,-16081,-18239,-20047,-22098,-24633,-26817,-29512,-32083,-34118,-36838,-38889,-41073,-43729,-45665,-48110,-50157,-52239,-54080,-56336,-58704,-60952,-63327,-65727,-67936,-70102,-72451,-74715,-76527,-78794,-81131,-83222,-85407,-87805,-90371,-92854,-95109,-97243,-99286,-101777,-103888,-106154,-108173,-110570,-112967,-115192,-117278,-119539,-121804,-124283,-126216,-128096,-130602,-132962,-135705,-137794,-139910,-141926,-144126,-146507,-148656,-150809,-153062,-155149,-157447,-159645,-161796,-163816,-166038,-168013,-170041,-172395,-175058,-177222,-179570,-181599,-183776,-186197,-188371,-190626,-192521,-195086,-197684,-199811,-202341,-204621,-206813,-208806,-211261,-213655,-215724,-217873,-220070,-222154,-224317
-2632,-4943,-6964,-9083,-11472,-14073,-16359,-18552,-20400,-22520,-25099,-27352,-30124,-32721,-34836,-37604,-39698,-41960,-44682,-46718,-49188,-51268,-53416,-55318,-57581,-59992,-62285,-64771,-67198,-69393,-71640,-74055,-76408,-78284,-80643,-83027,-85160,-87416,-89857,-92427,-94967,-97297,-99462,-101583,-104108,-106281,-108644,-110712,-113108,-115535,-117793,-119921,-122227,-124519,-127088,-129051,-130998,-133558,-135971,-138748,-140916,-143087,-145129,-147378,-149794,-151997,-154155,-156464,-158582,-160895,-163125,-165308,-167384,-169709,-171724,-173753,-176129,-178784,-180960,-183355,-185488,-187714,-190234,-192417,-194775,-196718,-199334,-201964,-204142,-206756,-209149,-211406,-213485,-215934,-218405,-220558,-222802,-225061,-227179,-229410
-2653,-4981,-7041,-9207,-11632,-14277,-16626,-18886,-20725,-22876,-25511,-27806,-30661,-33302,-35439,-38272,-40419,-42715,-45487,-47553,-50095,-52254,-54463,-56398,-58746,-61213,-63572,-66120,-68631,-70892,-73197,-75640,-78083,-80014,-82443,-84889,-87107,-89392,-91914,-94589,-97153,-99490,-101714,-103881,-106391,-108624,-111009,-113112,-115538,-118049,-120394,-122538,-124937,-127305,-129892,-131919,-133904,-136545,-138980,-141769,-143947,-146155,-148233,-150573,-153026,-155308,-157532,-159941,-162079,-164428,-166783,-168983,-171062,-173438,-175509,-177624,-180044,-182683,-184900,-187351,-189507,-191795,-194414,-196676,-199060,-201078,-203789,-206449,-208713,-211381,-213844,-216162,-218266,-220749,-223307,-225521,-227814,-230158,-232346,-234640
-2690,-5058,-7139,-9304,-11785,-14505,-16893,-19195,-21070,-23265,-25952,-28339,-31217,-33906,-36067,-38978,-41168,-43534,-46369,-48486,-51084,-53287,-55591,-57568,-59981,-62460,-64864,-67464,-69957,-72288,-74660,-77085,-79603,-81589,-84039,-86548,-88812,-91141,-93680,-96382,-99007,-101387,-103653,-105885,-108436,-110681,-113071,-115259,-117745,-120309,-122701,-124906,-127350,-129747,-132342,-134430,-136509,-139237,-141743,-144568,-146776,-148994,-151070,-153415,-155952,-158280,-160529,-162914,-165037,-167439,-169873,-172108,-174209,-176681,-178813,-180981,-183441,-186124,-188350,-190869,-193102,-195381,-197986,-200351,-202766,-204880,-207668,-210396,-212695,-215381,-217909,-220249,-222439,-224966,-227561,-229883,-232250,-234649,-236897,-239239
-2725,-5172,-7293,-9461,-12004,-14806,-17243,-19569,-21547,-23805,-26541,-28944,-31906,-34666,-36842,-39780,-42008,-44472,-47383,-49517,-52190,-54441,-56847,-58862,-61372,-63870,-66360,-69048,-71584,-73976,-76431,-78948,-81575,-83622,-86089,-88693,-90966,-93345,-95969,-98772,-101429,-103864,-106195,-108492,-111120,-113368,-115796,-118033,-120594,-123219,-125608,-127856,-130368,-132846,-135488,-137617,-139763,-142586,-145147,-148071,-150326,-152571,-154655,-157041,-159628,-161976,-164335,-166809,-168981,-171398,-173952,-176263,-178471,-180970,-183163,-185420,-187926,-190681,-192927,-195420,-197735,-200083,-202752,-205216,-207647,-209826,-212701,-215474,-217787,-220500,-223064,-225461,-227718,-230267,-232929,-235329,-237787,-240227,-242561,-244937
-2763,-5278,-7476,-9720,-12322,-15143,-17654,-19977,-22008,-24335,-27099,-29573,-32581,-35343,-37534,-40508,-42771,-45330,-48250,-50390,-53115,-55430,-57910,-59970,-62595,-65107,-67659,-70399,-72960,-75436,-77930,-80509,-83193,-85287,-87782,-90439,-92728,-95197,-97825,-100690,-103396,-105904,-108307,-110709,-113375,-115705,-118197,-120506,-123091,-125755,-128260,-130559,-133108,-135625,-138301,-140438,-142666,-145495,-148075,-151068,-153426,-155729,-157849,-160323,-162985,-165425,-167833,-170345,-172605,-175117,-177667,-180009,-182232,-184807,-187021,-189345,-191932,-194734,-197071,-199616,-202008,-204411,-207080,-209560,-212064,-214275,-217193,-220023,-222367,-225088,-227685,-230125,-232470,-235067,-237820,-240274,-242792,-245287,-247679,-250112
-2799,-5342,-7561,-9812,-12493,-15337,-17904,-20242,-22321,-24712,-27495,-30039,-33053,-35845,-38099,-41057,-43347,-45980,-48948,-51169,-53952,-56313,-58855,-60972,-63647,-66176,-68750,-71543,-74131,-76659,-79184,-81809,-84537,-86682,-89247,-91933,-94251,-96792,-99494,-102425,-105191,-107731,-110146,-112554,-115256,-117627,-120166,-122540,-125102,-127848,-130384,-132725,-135348,-137941,-140695,-142901,-145209,-148129,-150762,-153840,-156205,-158605,-160776,-163276,-166031,-168556,-171004,-173560,-175823,-178395,-180924,-183321,-185552,-188193,-190434,-192769,-195396,-198273,-200625,-203188,-205636,-208087,-210725,-213259,-215815,-218055,-221010,-223889,-226302,-229055,-231725,-234261,-236681,-239299,-242083,-244627,-247253,-249789,-252231,-254747
-2839,-5455,-7736,-10068,-12801,-15639,-18230,-20583,-22703,-25129,-27937,-30471,-33539,-36355,-38654,-41607,-43911,-46608,-49608,-51878,-54703,-57140,-59748,-61908,-64665,-67266,-69871,-72693,-75337,-77943,-80487,-83134,-85939,-88152,-90733,-93452,-95829,-98432,-101154,-104161,-106960,-109543,-112003,-114474,-117204,-119622,-122208,-124700,-127340,-130103,-132773,-135127,-137754,-140377,-143167,-145430,-147771,-150727,-153477,-156553,-158978,-161466,-163678,-166192,-169058,-171608,-174087,-176720,-179040,-181664,-184237,-186665,-188998,-191673,-193970,-196297,-198922,-201895,-204290,-206920,-209388,-211865,-214587,-217209,-219809,-222133,-225084,-228018,-230509,-233310,-236001,-238564,-241050,-243701,-246512,-249051,-251748,-254307,-256797,-259363
-2881,-5558,-7895,-10243,-13042,-15953,-18579,-20960,-23085,-25571,-28422,-31012,-34151,-37026,-39390,-42428,-44761,-47533,-50557,-52838,-55731,-58240,-60928,-63081,-65881,-68508,-71189,-74037,-76693,-79337,-81951,-84657,-87515,-89771,-92447,-95185,-97599,-100270,-103064,-106155,-109035,-111681,-114257,-116751,-119576,-122041,-124656,-127282,-129991,-132807,-135486,-137916,-140560,-143243,-146080,-148387,-150791,-153780,-156595,-159681,-162172,-164664,-166901,-169431,-172348,-174952,-177483,-180179,-182585,-185265,-187941,-190452,-192831,-195545,-197868,-200216,-202879,-205918,-208383,-211076,-213542,-216070,-218833,-221519,-224102,-226498,-229535,-232519,-235025,-237927,-240671,-243271,-245769,-248472,-251369,-253973,-256724,-259351,-261854,-264485
-2914,-5625,-8044,-10490,-13335,-16288,-18927,-21371,-23496,-26071,-28945,-31612,-34792,-37741,-40176,-43212,-45627,-48448,-51598,-53951,-56885,-59446,-62164,-64408,-67237,-69901,-72604,-75506,-78205,-80888,-83528,-86272,-89206,-91480,-94178,-97000,-99441,-102226,-105078,-108246,-111134,-113816,-116445,-119004,-121868,-124376,-127075,-129729,-132503,-135405,-138160,-140657,-143326,-146035,-148926,-151249,-153649,-156673,-159577,-162735,-165271,-167789,-170129,-172709,-175685,-178347,-180933,-183683,-186154,-188907,-191572,-194130,-196548,-199309,-201692,-204149,-206872,-209972,-212530,-215267,-217753,-220315,-223126,-225862,-228493,-230917,-233989,-237035,-239582,-242505,-245266,-247918,-250457,-253198,-256079,-258735,-261527,-264279,-266836,-269506
-2940,-5684,-8142,-10668,-13518,-16547,-19227,-21735,-23915,-26473,-29374,-32109,-35358,-38320,-40736,-43857,-46278,-49170,-52356,-54787,-57743,-60348,-63146,-65405,-68360,-71043,-73779,-76741,-79512,-82204,-84925,-87706,-90740,-93080,-95811,-98686,-101162,-103966,-106862,-110066,-113010,-115774,-118439,-121067,-123958,-126491,-129277,-131904,-134699,-137723,-140521,-143114,-145837,-148583,-151550,-153936,-156391,-159441,-162399,-165589,-168157,-170669,-173079,-175736,-178736,-181429,-184065,-186866,-189405,-192142,-194861,-197466,-199942,-202768,-205201,-207696,-210482,-213635,-216255,-219007,-221481,-224098,-227001,-229744,-232410,-234864,-237990,-241069,-243681,-246707,-249549,-252267,-254877,-257681,-260613,-263306,-266104,-268914,-271493,-274240
-2992,-5778,-8246,-10802,-13703,-16754,-19512,-22061,-24265,-26851,-29836,-32597,-35917,-38932,-41396,-44573,-47051,-49996,-53263,-55744,-58742,-61401,-64246,-66548,-69532,-72251,-75068,-78122,-80934,-83672,-86418,-89265,-92355,-94739,-97530,-100459,-102962,-105833,-108767,-111991,-114994,-117826,-120552,-123242,-126180,-128739,-131546,-134152,-136997,-140066,-142909,-145623,-148435,-151262,-154291,-156754,-159251,-162338,-165351,-168592,-171234,-173766,-176221,-178959,-181982,-184704,-187415,-190272,-192840,-195613,-198370,-201033,-203558,-206421,-208889,-211415,-214224,-217401,-220109,-222912,-225473,-228125,-231064,-233762,-236456,-238955,-242093,-245209,-247883,-250944,-253802,-256574,-259220,-262070,-265072,-267837,-270716,-273572,-276243,-279058
-3040,-5869,-8358,-10967,-13880,-16982,-19763,-22360,-24643,-27380,-30417,-33227,-36628,-39682,-42166,-45398,-47932,-50934,-54250,-56868,-59898,-62612,-65497,-67903,-70909,-73678,-76582,-79619,-82482,-85277,-88041,-90902,-94039,-96473,-99320,-102293,-104904,-107838,-110832,-114123,-117125,-120013,-122768,-125561,-128520,-131138,-133976,-136662,-139507,-142626,-145553,-148295,-151137,-153974,-157045,-159539,-162080,-165206,-168222,-171529,-174258,-176848,-179346,-182131,-185207,-187979,-190717,-193641,-196301,-199107,-201910,-204636,-207240,-210151,-212728,-215331,-218187,-221403,-224118,-226950,-229573,-232300,-235331,-238060,-240817,-243371,-246545,-249700,-252431,-255558,-258460,-261257,-263913,-266747,-269814,-272617,-275525,-278462,-281169,-284044
-3067,-5975,-8492,-11154,-14106,-17255,-20105,-22736,-25073,-27855,-30923,-33803,-37281,-40383,-42921,-46177,-48747,-51817,-55153,-57798,-60864,-63594,-66555,-69028,-72084,-74938,-77839,-80876,-83750,-86566,-89358,-92255,-95421,-97863,-100748,-103789,-106461,-109431,-112526,-115904,-118925,-121872,-124633,-127419,-130447,-133136,-136027,-138750,-141647,-144831,-147820,-150636,-153563,-156465,-159606,-162170,-164768,-167983,-171099,-174465,-177241,-179848,-182396,-185274,-188421,-191204,-194042,-197016,-199763,-202632,-205499,-208259,-210929,-213933,-216560,-219219,-222128,-225367,-228098,-230996,-233719,-236478,-239542,-242324,-245105,-247736,-250971,-254155,-257003,-260172,-263133,-265971,-268712,-271620,-274729,-277590,-280525,-283507,-286247,-289167
-3091,-6030,-8608,-11283,-14296,-17524,-20368,-23015,-25387,-28250,-31366,-34288,-37802,-40922,-43549,-46869,-49460,-52592,-56001,-58620,-61722,-64529,-67546,-70098,-73173,-76122,-79117,-82247,-85216,-88061,-90904,-93879,-97093,-99591,-102519,-105567,-108326,-111359,-114514,-117965,-121025,-124056,-126852,-129696,-132779,-135508,-138460,-141259,-144179,-147452,-150490,-153388,-156317,-159242,-162439,-165047,-167680,-170920,-174065,-177481,-180333,-182942,-185561,-188445,-191617,-194444,-197345,-200347,-203131,-206031,-208986,-211822,-214555,-217582,-220269,-222984,-225987,-229282,-232063,-235046,-237808,-240596,-243707,-246542,-249358,-252019,-255287,-258526,-261427,-264632,-267647,-270555,-273336,-276285,-279503,-282399,-285395,-288469,-291243,-294236
-3144,-6132,-8777,-11498,-14543,-17791,-20726,-23484,-25908,-28750,-31922,-34900,-38468,-41600,-44275,-47647,-50279,-53445,-56863,-59523,-62693,-65562,-68602,-71243,-74382,-77422,-80437,-83570,-86602,-89463,-92391,-95448,-98731,-101236,-104233,-107343,-110144,-113222,-116408,-119895,-123005,-126095,-128918,-131826,-135018,-137837,-140835,-143705,-146637,-149933,-153022,-155960,-158887,-161874,-165111,-167818,-170463,-173714,-176903,-180379,-183308,-185950,-188640,-191649,-194860,-197754,-200756,-203806,-206618,-209658,-212628,-215582,-218401,-221522,-224235,-226979,-229980,-233282,-236104,-239128,-241920,-244733,-247891,-250789,-253642,-256407,-259764,-263062,-266014,-269282,-272375,-275327,-278188,-281241,-284433,-287331,-290394,-293539,-296334,-299348
-3233,-6295,-9015,-11779,-14921,-18238,-21154,-23959,-26411,-29314,-32544,-35550,-39198,-42367,-45071,-48476,-51149,-54405,-57858,-60608,-63906,-66902,-70015,-72691,-75899,-78959,-82080,-85255,-88353,-91244,-94215,-97317,-100608,-103144,-106170,-109355,-112187,-115303,-118524,-122101,-125230,-128393,-131271,-134184,-137416,-140314,-143376,-146313,-149292,-152668,-155778,-158785,-161768,-164800,-168114,-170861,-173614,-176892,-180152,-183638,-186602,-189320,-192044,-195060,-198322,-201269,-204314,-207412,-210253,-213309,-216300,-219320,-222205,-225359,-228149,-230933,-233933,-237265,-240151,-243278,-246140,-249022,-252213,-255086,-258024,-260876,-264365,-267721,-270715,-274048,-277207,-280169,-283114,-286149,-289335,-292265,-295365,-298541,-301396,-304438
-3303,-6404,-9131,-11968,-15171,-18567,-21502,-24348,-26811,-29786,-33052,-36082,-39743,-42951,-45714,-49201,-51901,-55192,-58655,-61454,-64773,-67804,-70969,-73677,-76909,-80033,-83167,-86447,-89602,-92572,-95611,-98765,-102132,-104745,-107826,-111054,-113924,-117077,-120333,-123925,-127096,-130292,-133215,-136199,-139493,-142437,-145559,-148545,-151511,-154911,-158051,-161084,-164067,-167136,-170549,-173340,-176163,-179466,-182764,-186319,-189334,-192148,-194994,-198023,-201297,-204277,-207370,-210535,-213423,-216545,-219584,-222641,-225605,-228802,-231605,-234434,-237472,-240836,-243826,-246991,-249911,-252860,-256138,-258996,-261972,-264891,-268419,-271863,-274870,-278255,-281392,-284438,-287415,-290515,-293731,-296719,-299890,-303149,-306084,-309147
-3398,-6540,-9306,-12236,-15459,-18916,-21863,-24732,-27268,-30321,-33637,-36720,-40377,-43657,-46480,-50040,-52836,-56189,-59715,-62581,-65913,-69023,-72210,-74997,-78275,-81438,-84569,-87930,-91147,-94159,-97263,-100482,-103891,-106541,-109648,-112914,-115839,-119047,-122349,-126011,-129189,-132333,-135281,-138341,-141694,-144740,-147916,-150909,-153885,-157334,-160564,-163650,-166689,-169787,-173240,-176092,-178953,-182320,-185680,-189304,-192338,-195226,-198099,-201190,-204528,-207577,-210743,-213943,-216908,-220076,-223112,-226250,-229228,-232479,-235370,-238260,-241364,-244801,-247837,-251032,-254054,-257074,-260408,-263342,-266345,-269332,-272893,-276384,-279463,-282909,-286088,-289173,-292256,-295400,-298618,-301616,-304900,-308178,-311149,-314345
-3462,-6655,-9459,-12433,-15717,-19246,-22237,-25120,-27683,-30812,-34186,-37293,-40966,-44314,-47197,-50828,-53713,-57106,-60688,-63624,-67033,-70155,-73365,-76163,-79511,-82732,-85876,-89280,-92573,-95603,-98768,-102023,-105495,-108187,-111379,-114682,-117657,-120862,-124229,-127919,-131151,-134334,-137371,-140462,-143865,-146967,-150198,-153250,-156250,-159702,-162920,-166050,-169171,-172308,-175920,-178786,-181691,-185135,-188528,-192256,-195304,-198236,-201122,-204292,-207696,-210825,-213997,-217281,-220294,-223523,-226619,-229818,-232889,-236145,-239087,-242022,-245128,-248647,-251690,-255018,-258101,-261165,-264551,-267536,-270581,-273612,-277231,-280785,-283912,-287417,-290653,-293769,-296921,-300121,-303381,-306427,-309759,-313054,-316084,-319314
-3547,-6746,-9618,-12633,-15961,-19586,-22632,-25588,-28172,-31398,-34801,-37944,-41658,-45020,-47975,-51646,-54600,-58034,-61675,-64663,-68184,-71386,-74699,-77550,-80960,-84291,-87515,-90990,-94341,-97416,-100569,-103881,-107374,-110096,-113353,-116743,-119800,-123042,-126458,-130121,-133483,-136760,-139800,-142889,-146396,-149559,-152829,-155931,-158902,-162427,-165729,-168903,-172045,-175275,-178918,-181829,-184826,-188355,-191792,-195565,-198622,-201602,-204519,-207789,-211209,-214393,-217598,-220939,-224082,-227435,-230622,-233880,-237031,-240356,-243278,-246270,-249439,-253003,-256084,-259443,-262546,-265669,-269120,-272174,-275235,-278305,-281957,-285601,-288789,-292314,-295620,-298779,-301932,-305181,-308499,-311588,-314950,-318315,-321373,-324638
-3549,-6782,-9701,-12776,-16178,-19802,-22900,-25892,-28528,-31798,-35187,-38406,-42159,-45574,-48573,-52231,-55222,-58712,-62340,-65386,-68980,-72252,-75566,-78485,-81951,-85370,-88607,-92098,-95529,-98641,-101786,-105150,-108731,-111527,-114783,-118194,-121333,-124595,-128060,-131754,-135151,-138493,-141590,-144738,-148294,-151521,-154798,-157921,-160942,-164478,-167824,-171027,-174260,-177576,-181260,-184174,-187239,-190820,-194341,-198202,-201310,-204370,-207378,-210650,-214131,-217332,-220622,-224048,-227225,-230634,-233873,-237169,-240359,-243717,-246642,-249668,-252873,-256437,-259546,-262980,-266105,-269241,-272732,-275819,-278899,-282033,-285741,-289443,-292630,-296212,-299622,-302844,-306050,-309293,-312676,-315783,-319185,-322623,-325770,-329069
-3606,-6908,-9914,-13029,-16453,-20135,-23281,-26292,-28992,-32294,-35715,-38976,-42794,-46262,-49367,-53106,-56161,-59724,-63412,-66527,-70174,-73452,-76783,-79705,-83235,-86691,-89955,-93504,-96978,-100144,-103297,-106695,-110308,-113149,-116433,-119899,-123027,-126328,-129834,-133568,-137066,-140481,-143650,-146823,-150410,-153709,-157060,-160245,-163319,-166939,-170337,-173608,-176896,-180257,-183992,-186895,-190085,-193725,-197303,-201226,-204353,-207492,-210540,-213819,-217329,-220523,-223837,-227340,-230533,-233991,-237262,-240628,-243902,-247348,-250339,-253405,-256670,-260342,-263498,-266941,-270090,-273255,-276753,-279877,-283033,-286193,-289962,-293728,-296999,-300648,-304115,-307361,-310645,-313948,-317374,-320493,-323950,-327367,-330592,-333942
-3660,-7012,-10062,-13226,-16672,-20418,-23617,-26651,-29396,-32696,-36140,-39506,-43391,-46916,-50073,-53891,-57043,-60635,-64345,-67525,-71213,-74524,-77872,-80837,-84414,-87887,-91169,-94800,-98359,-101558,-104743,-108186,-111911,-114863,-118213,-121737,-124918,-128235,-131796,-135545,-139178,-142676,-145888,-149163,-152788,-156154,-159548,-162741,-165914,-169563,-173061,-176381,-179715,-183143,-186948,-189919,-193144,-196838,-200490,-204454,-207638,-210812,-213871,-217180,-220755,-224006,-227391,-230874,-234078,-237484,-240793,-244164,-247469,-250947,-254026,-257226,-260502,-264248,-267471,-270989,-274206,-277415,-280965,-284111,-287308,-290506,-294307,-298126,-301417,-305143,-308712,-311950,-315260,-318608,-322095,-325274,-328788,-332275,-335617,-339030
-3740,-7161,-10204,-13439,-16953,-20731,-23951,-27016,-29772,-33107,-36564,-40001,-43957,-47521,-50712,-54610,-57805,-61426,-65211,-68396,-72146,-75477,-78858,-81890,-85485,-89028,-92375,-96038,-99670,-102895,-106146,-109637,-113338,-116370,-119792,-123358,-126603,-130025,-133623,-137393,-141081,-144573,-147805,-151119,-154722,-158126,-161590,-164851,-168055,-171744,-175296,-178632,-182039,-185568,-189352,-192344,-195601,-199340,-203051,-207030,-210316,-213525,-216584,-219953,-223592,-226894,-230299,-233823,-237075,-240478,-243822,-247210,-250621,-254163,-257262,-260553,-263895,-267680,-270953,-274540,-277861,-281132,-284743,-287928,-291185,-294441,-298300,-302195,-305565,-309359,-312952,-316294,-319697,-323105,-326690,-329949,-333563,-337068,-340499,-343981
-3796,-7261,-10294,-13601,-17183,-21009,-24206,-27316,-30102,-33481,-37015,-40504,-44508,-48129,-51329,-55273,-58524,-62203,-66028,-69214,-73017,-76386,-79806,-82911,-86594,-90181,-93573,-97252,-100954,-104209,-107495,-111078,-114860,-117892,-121341,-124981,-128268,-131770,-135396,-139191,-142932,-146416,-149711,-153077,-156715,-160135,-163614,-166957,-170211,-173955,-177524,-180918,-184408,-187964,-191798,-194741,-198074,-201791,-205548,-209569,-212881,-216128,-219205,-222666,-226325,-229639,-233093,-236628,-239981,-243403,-246747,-250173,-253597,-257172,-260378,-263755,-267179,-270970,-274270,-277908,-281291,-284586,-288261,-291468,-294782,-298100,-301971,-305914,-309345,-313205,-316829,-320209,-323661,-327095,-330744,-334053,-337740,-341309,-344756,-348306
-3833,-7339,-10423,-13737,-17378,-21287,-24481,-27588,-30440,-33861,-37413,-40935,-45016,-48667,-51879,-55897,-59174,-62871,-66716,-69966,-73827,-77240,-80675,-83815,-87526,-91141,-94562,-98359,-102060,-105401,-108750,-112358,-116167,-119242,-122764,-126450,-129784,-133328,-136988,-140840,-144713,-148257,-151641,-155019,-158734,-162212,-165728,-169105,-172447,-176288,-179853,-183338,-186869,-190475,-194343,-197318,-200740,-204515,-208378,-212470,-215819,-219186,-222306,-225794,-229484,-232826,-236293,-239907,-243292,-246787,-250202,-253678,-257185,-260839,-264020,-267515,-270984,-274868,-278169,-281864,-285292,-288647,-292382,-295593,-298944,-302340,-306244,-310278,-313754,-317661,-321385,-324799,-328334,-331770,-335446,-338861,-342590,-346277,-349742,-353386
-3876,-7409,-10580,-13923,-17658,-21667,-24909,-28084,-31004,-34494,-38160,-41721,-45871,-49568,-52903,-57000,-60319,-64095,-67960,-71231,-75132,-78629,-82193,-85395,-89130,-92732,-96231,-100100,-103855,-107210,-110589,-114234,-118115,-121289,-124884,-128659,-132042,-135635,-139331,-143261,-147167,-150703,-154171,-157647,-161400,-164930,-168480,-171904,-175330,-179264,-182861,-186339,-189907,-193546,-197460,-200500,-203960,-207760,-211642,-215770,-219164,-222521,-225665,-229218,-232977,-236369,-239884,-243579,-247021,-250502,-253965,-257460,-261068,-264745,-268018,-271568,-275083,-278978,-282349,-286050,-289540,-292927,-296721,-299997,-303366,-306838,-310812,-314895,-318465,-322425,-326144,-329596,-333161,-336659,-340408,-343889,-347691,-351422,-354968,-358620
-3935,-7605,-10827,-14218,-17993,-22033,-25401,-28681,-31643,-35179,-38891,-42501,-46711,-50465,-53822,-57953,-61348,-65170,-69136,-72475,-76440,-80017,-83668,-86939,-90703,-94346,-97845,-101743,-105540,-108943,-112400,-116134,-120093,-123297,-126947,-130760,-134192,-137811,-141579,-145557,-149498,-153123,-156646,-160203,-164000,-167605,-171219,-174694,-178148,-182151,-185841,-189329,-192955,-196623,-200553,-203643,-207175,-210950,-214888,-219101,-222536,-225965,-229128,-232771,-236569,-239952,-243585,-247358,-250878,-254453,-257921,-261478,-265128,-268886,-272162,-275753,-279303,-283257,-286645,-290379,-293938,-297354,-301217,-304513,-307909,-311468,-315511,-319644,-323236,-327208,-330983,-334468,-338012,-341573,-345372,-348887,-352804,-356568,-360221,-363966
-3995,-7731,-11010,-14457,-18358,-22462,-25871,-29175,-32242,-35805,-39625,-43298,-47563,-51409,-54832,-59012,-62523,-66431,-70453,-73818,-77833,-81520,-85242,-88572,-92418,-96127,-99701,-103633,-107441,-110878,-114346,-118162,-122164,-125379,-129071,-132922,-136395,-140094,-143930,-147982,-151933,-155652,-159228,-162873,-166772,-170435,-174060,-177594,-181111,-185151,-188870,-192440,-196099,-199763,-203754,-206889,-210447,-214258,-218279,-222541,-225970,-229445,-232644,-236312,-240132,-243538,-247211,-251036,-254584,-258252,-261785,-265329,-268976,-272771,-276084,-279767,-283346,-287323,-290723,-294492,-298082,-301545,-305431,-308774,-312181,-315783,-319872,-324087,-327699,-331750,-335562,-339109,-342704,-346203,-350027,-353585,-357562,-361369,-365078,-368840
-4026,-7758,-11088,-14588,-18596,-22695,-26204,-29587,-32675,-36304,-40159,-43833,-48206,-52099,-55568,-59744,-63299,-67291,-71355,-74791,-78823,-82553,-86381,-89813,-93718,-97431,-101032,-105047,-108911,-112448,-115953,-119832,-123883,-127136,-130852,-134728,-138266,-142033,-145893,-150010,-154041,-157825,-161440,-165132,-169121,-172838,-176471,-180047,-183635,-187816,-191560,-195173,-198880,-202600,-206638,-209831,-213420,-217292,-221322,-225678,-229143,-232672,-235929,-239665,-243496,-246963,-250724,-254579,-258261,-262024,-265641,-269254,-272952,-276779,-280162,-283849,-287444,-291469,-294963,-298774,-302462,-305953,-309909,-313230,-316732,-320401,-324490,-328709,-332383,-336509,-340365,-343981,-347599,-351102,-354946,-358512,-362504,-366349,-370109,-373948
-4052,-7831,-11223,-14827,-18913,-23097,-26662,-30059,-33293,-36949,-40877,-44598,-49032,-52991,-56501,-60742,-64305,-68373,-72452,-75922,-80018,-83792,-87680,-91107,-95009,-98764,-102396,-106470,-110361,-113915,-117436,-121392,-125541,-128851,-132584,-136576,-140179,-144064,-147993,-152151,-156223,-160054,-163743,-167491,-171546,-175352,-179101,-182726,-186328,-190535,-194332,-198014,-201735,-205500,-209524,-212791,-216408,-220358,-224491,-228876,-232394,-235971,-239236,-243011,-246896,-250431,-254195,-258136,-261817,-265602,-269316,-272935,-276693,-280523,-283929,-287650,-291291,-295392,-298991,-302848,-306574,-310085,-314083,-317462,-320995,-324763,-328956,-333173,-336859,-340971,-344882,-348549,-352240,-355795,-359656,-363314,-367299,-371232,-375002,-378924
-4126,-7932,-11334,-14965,-19066,-23281,-26871,-30328,-33663,-37412,-41313,-45101,-49594,-53610,-57142,-61435,-65079,-69224,-73364,-76896,-81041,-84888,-88827,-92310,-96298,-100048,-103712,-107854,-111826,-115436,-118932,-122927,-127127,-130463,-134259,-138351,-142014,-145948,-149942,-154118,-158248,-162139,-165899,-169658,-173770,-177573,-181327,-185030,-188697,-192944,-196798,-200487,-204299,-208107,-212174,-215495,-219159,-223167,-227352,-231772,-235371,-239045,-242393,-246247,-250139,-253738,-257619,-261560,-265321,-269125,-272893,-276566,-280421,-284279,-287759,-291479,-295175,-299315,-302998,-306933,-310686,-314256,-318291,-321735,-325320,-329180,-333437,-337729,-341402,-345583,-349544,-353267,-357023,-360616,-364538,-368265,-372297,-376312,-380134,-384118
-4204,-8121,-11562,-15262,-19432,-23679,-27320,-30838,-34275,-38084,-41976,-45813,-50372,-54469,-58027,-62361,-66086,-70283,-74433,-77970,-82131,-86010,-89960,-93506,-97539,-101354,-105073,-109291,-113324,-116959,-120481,-124575,-128837,-132246,-136078,-140218,-143917,-147877,-151966,-156156,-160292,-164219,-168024,-171751,-175927,-179771,-183572,-187306,-191037,-195248,-199159,-202896,-206778,-210574,-214693,-218087,-221781,-225810,-230047,-234470,-238157,-241842,-245247,-249193,-253127,-256810,-260718,-264718,-268501,-272328,-276170,-279915,-283818,-287716,-291274,-295007,-298724,-302882,-306581,-310528,-314294,-317893,-321996,-325512,-329140,-333062,-337294,-341635,-345393,-349626,-353641,-357475,-361270,-364911,-368874,-372644,-376736,-380772,-384646,-388661
-4251,-8206,-11681,-15448,-19659,-23928,-27583,-31163,-34668,-38567,-42529,-46474,-51070,-55233,-58903,-63316,-67099,-71355,-75552,-79128,-83327,-87223,-91228,-94811,-98855,-102708,-106468,-110767,-114949,-118634,-122207,-126329,-130621,-134043,-137932,-142139,-145849,-149865,-154044,-158259,-162457,-166444,-170371,-174124,-178366,-182254,-186098,-189866,-193611,-197874,-201813,-205633,-209549,-213397,-217564,-220983,-224720,-228799,-233116,-237590,-241357,-245149,-248629,-252593,-256622,-260344,-264320,-268337,-272177,-276084,-279986,-283774,-287778,-291720,-295303,-299110,-302859,-307064,-310834,-314849,-318640,-322340,-326446,-330041,-333743,-337690,-341929,-346328,-350129,-354463,-358506,-362364,-366222,-369919,-373927,-377686,-381804,-385890,-389795,-393828
-4301,-8299,-11819,-15599,-19828,-24128,-27797,-31325,-34931,-38855,-42845,-46880,-51523,-55742,-59461,-63899,-67698,-71976,-76202,-79782,-84014,-87961,-92031,-95739,-99859,-103760,-107592,-111937,-116168,-119899,-123558,-127769,-132103,-135542,-139468,-143737,-147469,-151538,-155731,-160048,-164335,-168339,-172260,-176100,-180385,-184392,-188310,-192151,-195957,-200259,-204233,-208060,-212075,-215946,-220143,-223655,-227451,-231620,-236022,-240538,-244399,-248272,-251813,-255864,-259945,-263715,-267718,-271776,-275710,-279693,-283617,-287407,-291465,-295424,-299055,-302922,-306724,-310990,-314828,-318953,-322814,-326581,-330728,-334356,-338100,-342134,-346392,-350855,-354726,-359115,-363189,-367119,-371027,-374751,-378831,-382668,-386826,-390950,-394884,-398942
-4346,-8365,-11894,-15710,-19977,-24295,-28011,-31615,-35260,-39266,-43301,-47368,-52102,-56370,-60149,-64655,-68505,-72820,-77083,-80729,-85005,-88988,-93090,-96839,-100993,-104951,-108836,-113250,-117429,-121165,-124886,-129199,-133610,-137079,-141107,-145453,-149249,-153370,-157630,-161924,-166249,-170341,-174272,-178144,-182448,-186523,-190473,-194368,-198205,-202529,-206547,-210424,-214495,-218401,-222641,-226193,-230008,-234221,-238641,-243230,-247129,-251103,-254737,-258792,-262977,-266805,-270832,-274949,-278923,-282946,-286973,-290774,-294916,-298928,-302588,-306524,-310395,-314728,-318614,-322805,-326817,-330635,-334801,-338413,-342208,-346287,-350597,-355164,-359154,-363609,-367706,-371636,-375554,-379324,-383475,-387380,-391572,-395713,-399676,-403817
-4392,-8464,-12099,-16036,-20372,-24711,-28463,-32064,-35776,-39842,-43920,-48024,-52835,-57126,-60929,-65474,-69368,-73664,-77963,-81644,-85951,-89992,-94181,-97983,-102172,-106152,-110127,-114553,-118774,-122564,-126383,-130758,-135238,-138693,-142792,-147098,-150970,-155125,-159381,-163728,-168069,-172239,-176307,-180228,-184578,-188641,-192647,-196593,-200504,-204860,-208898,-212852,-216946,-220876,-225180,-228784,-232710,-236943,-241430,-246105,-250057,-254103,-257778,-261864,-266102,-269974,-274045,-278176,-282224,-286310,-290337,-294210,-298450,-302460,-306186,-310220,-314103,-318496,-322426,-326638,-330683,-334531,-338708,-342359,-346132,-350241,-354638,-359240,-363257,-367740,-371958,-375892,-379824,-383640,-387846,-391817,-396112,-400283,-404318,-408565
-4429,-8546,-12167,-16141,-20506,-24898,-28689,-32353,-36109,-40218,-44344,-48442,-53335,-57678,-61598,-66192,-70133,-74503,-78877,-82607,-86976,-91062,-95306,-99196,-103405,-107391,-111411,-115886,-120153,-123960,-127795,-132198,-136718,-140234,-144450,-148823,-152691,-156925,-161235,-165646,-170050,-174270,-178421,-182415,-186822,-190969,-195036,-199029,-202951,-207346,-211469,-215455,-219554,-223534,-227924,-231603,-235559,-239851,-244362,-249127,-253123,-257179,-260927,-265052,-269331,-273195,-277306,-281501,-285597,-289781,-293914,-297849,-302188,-306325,-310067,-314151,-318054,-322499,-326525,-330770,-334898,-338802,-343021,-346732,-350531,-354655,-359133,-363782,-367821,-372353,-376659,-380639,-384573,-388458,-392687,-396775,-401111,-405322,-409373,-413661
-4472,-8645,-12315,-16346,-20772,-25215,-29017,-32746,-36515,-40664,-44793,-48924,-53844,-58228,-62206,-66843,-70829,-75213,-79691,-83470,-87864,-92009,-96264,-100174,-104448,-108453,-112547,-117078,-121456,-125331,-129203,-133631,-138253,-141825,-146108,-150531,-154443,-158723,-163042,-167494,-171974,-176267,-180502,-184533,-188978,-193212,-197357,-201409,-205388,-209812,-213951,-217971,-222109,-226115,-230525,-234264,-238314,-242664,-247218,-252066,-256121,-260228,-264068,-268290,-272645,-276552,-280730,-284972,-289149,-293466,-297673,-301599,-305958,-310150,-313957,-318100,-321958,-326476,-330586,-334851,-338985,-342937,-347222,-351000,-354831,-358991,-363493,-368168,-372292,-376853,-381262,-385278,-389221,-393145,-397466,-401602,-406036,-410272,-414374,-418697
-4482,-8680,-12445,-16535,-20960,-25494,-29356,-33162,-37018,-41239,-45364,-49556,-54616,-59065,-63110,-67812,-71848,-76292,-80829,-84693,-89105,-93322,-97608,-101608,-105930,-110008,-114165,-118763,-123173,-127082,-130964,-135464,-140128,-143727,-148088,-152509,-156478,-160821,-165167,-169693,-174173,-178511,-182825,-186917,-191406,-195690,-199884,-204009,-208112,-212597,-216740,-220784,-224976,-229032,-233450,-237251,-241346,-245704,-250266,-255181,-259267,-263496,-267372,-271679,-276055,-279986,-284279,-288600,-292772,-297137,-301394,-305329,-309755,-313959,-317866,-322055,-325969,-330542,-334708,-339022,-343144,-347187,-351504,-355312,-359210,-363425,-367999,-372658,-376797,-381430,-385851,-389941,-393933,-397918,-402300,-406461,-410912,-415225,-419381,-423793
-4495,-8725,-12493,-16623,-21074,-25650,-29574,-33460,-37328,-41566,-45774,-49998,-55080,-59568,-63682,-68404,-72475,-76927,-81484,-85399,-89855,-94110,-98439,-102465,-106907,-111013,-115217,-119861,-124331,-128298,-132210,-136759,-141503,-145167,-149548,-153993,-158016,-162406,-166807,-171438,-175940,-180314,-184676,-188785,-193319,-197670,-201933,-206101,-210241,-214786,-218965,-223056,-227344,-231450,-235920,-239774,-243944,-248305,-252934,-257974,-262127,-266416,-270309,-274716,-279172,-283159,-287477,-291853,-296066,-300528,-304806,-308784,-313255,-317530,-321440,-325670,-329700,-334322,-338551,-342874,-347013,-351068,-355399,-359216,-363162,-367445,-372047,-376782,-380994,-385699,-390140,-394268,-398320,-402334,-406770,-411022,-415532,-419906,-424110,-428602
-4537,-8805,-12632,-16879,-21357,-25997,-29966,-33876,-37775,-42013,-46322,-50576,-55693,-60202,-64303,-69111,-73250,-77739,-82369,-86335,-90849,-95209,-99590,-103592,-108108,-112242,-116427,-121115,-125665,-129595,-133522,-138144,-143005,-146751,-151179,-155662,-159779,-164209,-168669,-173331,-177848,-182321,-186741,-190884,-195523,-199931,-204221,-208445,-212582,-217148,-221376,-225564,-229880,-234026,-238547,-242465,-246730,-251189,-255898,-260999,-265195,-269504,-273514,-277913,-282416,-286438,-290792,-295228,-299454,-303977,-308372,-312395,-316910,-321171,-325230,-329497,-333570,-338218,-342534,-346860,-351040,-355136,-359534,-363414,-367425,-371773,-376394,-381203,-385467,-390223,-394764,-398961,-403108,-407165,-411627,-415964,-420519,-424970,-429228,-433779
-4599,-8902,-12762,-17085,-21626,-26330,-30388,-34333,-38284,-42573,-46902,-51221,-56346,-60939,-65072,-69877,-74142,-78755,-83430,-87471,-92056,-96447,-100901,-104987,-109544,-113719,-117971,-122678,-127262,-131230,-135250,-139870,-144768,-148544,-153044,-157580,-161744,-166170,-170718,-175462,-180036,-184569,-189045,-193236,-197938,-202366,-206720,-211023,-215191,-219841,-224119,-228398,-232803,-236964,-241528,-245507,-249815,-254341,-259105,-264195,-268421,-272761,-276826,-281294,-285871,-289952,-294364,-298850,-303138,-307674,-312109,-316171,-320719,-324988,-329127,-333439,-337571,-342269,-346558,-350943,-355170,-359346,-363787,-367697,-371736,-376110,-380785,-385644,-389998,-394809,-399453,-403660,-407837,-411899,-416419,-420822,-425408,-429871,-434195,-438781
-4638,-8974,-12907,-17297,-21873,-26609,-30767,-34768,-38846,-43199,-47597,-51951,-57107,-61740,-65961,-70815,-75147,-79801,-84522,-88623,-93261,-97669,-102204,-106331,-110925,-115152,-119443,-124174,-128818,-132843,-136861,-141521,-146504,-150352,-154926,-159499,-163680,-168122,-172706,-177519,-182136,-186710,-191168,-195407,-200177,-204668,-209036,-213439,-217671,-222432,-226693,-230971,-235395,-239602,-244243,-248293,-252633,-257252,-262059,-267201,-271444,-275807,-279893,-284372,-288998,-293132,-297592,-302083,-306444,-310989,-315478,-319665,-324279,-328544,-332738,-337103,-341266,-346017,-350359,-354819,-359110,-363337,-367879,-371831,-375938,-380355,-385089,-389980,-394355,-399201,-403856,-408138,-412369,-416467,-421057,-425511,-430134,-434725,-439096,-443735
-4691,-9051,-13058,-17490,-22157,-26902,-31162,-35191,-39341,-43756,-48238,-52632,-57861,-62575,-66852,-71738,-76125,-80830,-85630,-89790,-94459,-98919,-103503,-107686,-112337,-116618,-120971,-125722,-130415,-134518,-138533,-143272,-148299,-152196,-156781,-161444,-165670,-170176,-174818,-179670,-184387,-188998,-193514,-197832,-202637,-207165,-211598,-216002,-220228,-225089,-229415,-233724,-238167,-242408,-247072,-251150,-255570,-260247,-265099,-270307,-274564,-278985,-283103,-287668,-292355,-296524,-301000,-305518,-309977,-314516,-319030,-323243,-327854,-332158,-336347,-340788,-345046,-349842,-354205,-358679,-363024,-367336,-371940,-375906,-380036,-384509,-389284,-394252,-398660,-403559,-408292,-412654,-416937,-421056,-425681,-430164,-434837,-439477,-443899,-448587
-4748,-9161,-13255,-17716,-22423,-27207,-31592,-35661,-39886,-44324,-48890,-53367,-58639,-63380,-67678,-72637,-77107,-81820,-86642,-90878,-95573,-100077,-104697,-108945,-113634,-117970,-122363,-127163,-131878,-136058,-140069,-144887,-149946,-153895,-158530,-163247,-167545,-172163,-176843,-181746,-186466,-191110,-195654,-200064,-204929,-209508,-213937,-218368,-222614,-227568,-232009,-236346,-240891,-245217,-249911,-254032,-258529,-263263,-268191,-273445,-277774,-282259,-286360,-290924,-295647,-299916,-304489,-309050,-313559,-318113,-322682,-326950,-331594,-335922,-340186,-344648,-349007,-353833,-358242,-362768,-367098,-371431,-376152,-380112,-384318,-388792,-393599,-398628,-403066,-407985,-412799,-417237,-421563,-425708,-430366,-434903,-439662,-444329,-448726,-453445
-4840,-9302,-13490,-18004,-22765,-27562,-32027,-36185,-40420,-44879,-49519,-54044,-59322,-64089,-68375,-73396,-77886,-82680,-87585,-91899,-96653,-101167,-105887,-110165,-114874,-119257,-123699,-128582,-133311,-137540,-141560,-146417,-151520,-155478,-160183,-164975,-169354,-174058,-178770,-183762,-188615,-193256,-197833,-202315,-207203,-211831,-216351,-220821,-225088,-230063,-234510,-238878,-243486,-247875,-252566,-256728,-261289,-266070,-271058,-276386,-280764,-285285,-289456,-294025,-298819,-303158,-307791,-312448,-316975,-321577,-326210,-330489,-335155,-339508,-343821,-348315,-352681,-357528,-361995,-366591,-371022,-375412,-380181,-384174,-388374,-392894,-397732,-402829,-407297,-412245,-417085,-421573,-425960,-430199,-434892,-439463,-444351,-449038,-453471,-458263
-4905,-9461,-13687,-18237,-23048,-27875,-32311,-36539,-40832,-45331,-50008,-54563,-59860,-64671,-69003,-74102,-78643,-83533,-88431,-92774,-97637,-102172,-106900,-111222,-116015,-120477,-124980,-129961,-134786,-139080,-143120,-147994,-153130,-157188,-161907,-166760,-171153,-175875,-180624,-185642,-190490,-195204,-199799,-204335,-209314,-213943,-218513,-222986,-227311,-232374,-236914,-241328,-246006,-250406,-255165,-259379,-263998,-268834,-273850,-279262,-283709,-288253,-292461,-297081,-301917,-306297,-310968,-315665,-320184,-324867,-329552,-333932,-338666,-343035,-347381,-351957,-356381,-361306,-365829,-370483,-374940,-379405,-384237,-388310,-392535,-397079,-401939,-407031,-411501,-416500,-421354,-425926,-430359,-434682,-439449,-444077,-449026,-453710,-458194,-463068
-4930,-9527,-13758,-18325,-23169,-28025,-32514,-36785,-41123,-45682,-50374,-55015,-60378,-65216,-69581,-74748,-79346,-84244,-89190,-93589,-98498,-103109,-107889,-112231,-117066,-121597,-126190,-131254,-136125,-140474,-144594,-149549,-154704,-158800,-163634,-168532,-172975,-177770,-182576,-187614,-192512,-197243,-201956,-206550,-211577,-216240,-220913,-225392,-229771,-234859,-239484,-243897,-248634,-253040,-257879,-262203,-266913,-271751,-276852,-282301,-286799,-291318,-295576,-300169,-305064,-309566,-314280,-319027,-323570,-328280,-333031,-337525,-342380,-346794,-351211,-355802,-360326,-365310,-369896,-374585,-379068,-383574,-388415,-392539,-396791,-401388,-406337,-411446,-415944,-420975,-425905,-430505,-434995,-439376,-444240,-448912,-453878,-458584,-463114,-468001
-4997,-9680,-13917,-18496,-23386,-28273,-32800,-37143,-41544,-46156,-50896,-55571,-60975,-65835,-70213,-75483,-80147,-85099,-90084,-94550,-99475,-104201,-109022,-113370,-118228,-122798,-127447,-132555,-137472,-141900,-146077,-151025,-156202,-160418,-165307,-170251,-174764,-179596,-184462,-189561,-194517,-199375,-204139,-208796,-213865,-218577,-223355,-227838,-232273,-237377,-242095,-246514,-251281,-255762,-260621,-265026,-269842,-274722,-279877,-285358,-289898,-294500,-298763,-303422,-308343,-312911,-317663,-322449,-327094,-331847,-336594,-341108,-345997,-350480,-354909,-359547,-364098,-369115,-373768,-378536,-383091,-387616,-392539,-396748,-401079,-405729,-410779,-415930,-420504,-425604,-430559,-435138,-439675,-444164,-449072,-453830,-458812,-463597,-468145,-473095
-5009,-9747,-14031,-18635,-23526,-28396,-32987,-37399,-41897,-46529,-51312,-56059,-61550,-66432,-70839,-76168,-80897,-85889,-90903,-95449,-100435,-105188,-110044,-114423,-119349,-123951,-128652,-133805,-138803,-143284,-147507,-152538,-157744,-162006,-167009,-172016,-176542,-181442,-186367,-191498,-196502,-201434,-206280,-210950,-216063,-220857,-225649,-230143,-234672,-239817,-244594,-249053,-253889,-258390,-263296,-267777,-272620,-277516,-282697,-288213,-292795,-297418,-301758,-306426,-311391,-316046,-320845,-325714,-330388,-335215,-340073,-344620,-349568,-354119,-358612,-363290,-367878,-372967,-377665,-382482,-387016,-391540,-396469,-400737,-405131,-409828,-414950,-420196,-424796,-429881,-434912,-439553,-444102,-448569,-453529,-458308,-463349,-468199,-472744,-477745
-4982,-9772,-14074,-18745,-23687,-28593,-33200,-37606,-42153,-46837,-51650,-56485,-62025,-66930,-71363,-76737,-81527,-86546,-91589,-96156,-101152,-105972,-110842,-115264,-120278,-124969,-129750,-134940,-139996,-144536,-148842,-153943,-159200,-163512,-168578,-173589,-178157,-183078,-188098,-193291,-198335,-203327,-208239,-212994,-218149,-222993,-227846,-232397,-236979,-242163,-246994,-251548,-256433,-260993,-265937,-270463,-275360,-280325,-285590,-291176,-295811,-300494,-304898,-309596,-314629,-319333,-324218,-329156,-333925,-338814,-343738,-348320,-353373,-357942,-362481,-367224,-371892,-377031,-381856,-386692,-391251,-395817,-400786,-405159,-409629,-414379,-419552,-424851,-429488,-434595,-439684,-444408,-449000,-453537,-458599,-463459,-468547,-473432,-477969,-482987
-5053,-9919,-14251,-19017,-23991,-28964,-33588,-38109,-42695,-47395,-52257,-57097,-62638,-67597,-72055,-77496,-82356,-87455,-92542,-97103,-102148,-107049,-111979,-116486,-121540,-126298,-131093,-136332,-141412,-146015,-150388,-155536,-160856,-165195,-170348,-175454,-180070,-184994,-190061,-195248,-200340,-205405,-210371,-215136,-220380,-225259,-230208,-234767,-239394,-244598,-249435,-254036,-258959,-263545,-268525,-273137,-278087,-283029,-288323,-293973,-298676,-303433,-307897,-312608,-317715,-322477,-327392,-332347,-337233,-342158,-347136,-351767,-356821,-361414,-365999,-370775,-375471,-380630,-385491,-390373,-394997,-399673,-404692,-409096,-413617,-418376,-423594,-428964,-433676,-438796,-443935,-448720,-453352,-458009,-463143,-468035,-473172,-478089,-482688,-487715
-5066,-9974,-14335,-19150,-24165,-29219,-33861,-38465,-43111,-47877,-52763,-57665,-63264,-68261,-72793,-78293,-83205,-88323,-93525,-98125,-103209,-108161,-113111,-117676,-122816,-127611,-132497,-137791,-142940,-147645,-152065,-157280,-162635,-166996,-172182,-177351,-181997,-186943,-192100,-197369,-202513,-207596,-212597,-217366,-222661,-227568,-232560,-237127,-241830,-247107,-251984,-256597,-261527,-266148,-271120,-275796,-280783,-285831,-291208,-296890,-301605,-306415,-310967,-315681,-320885,-325723,-330657,-335688,-340624,-345589,-350568,-355226,-360343,-365007,-369630,-374463,-379226,-384458,-389408,-394334,-398975,-403727,-408792,-413223,-417810,-422579,-427886,-433290,-438042,-443197,-448393,-453281,-457955,-462635,-467831,-472762,-477978,-482914,-487606,-492706
-5024,-9971,-14334,-19212,-24251,-29354,-34011,-38678,-43409,-48216,-53119,-58051,-63667,-68695,-73276,-78787,-83793,-88951,-94218,-98866,-103990,-109002,-113984,-118664,-123881,-128677,-133639,-138973,-144180,-148900,-153349,-158590,-163981,-168381,-173583,-178816,-183505,-188525,-193707,-199024,-204172,-209276,-214298,-219082,-224398,-229373,-234426,-239042,-243823,-249166,-254091,-258728,-263728,-268375,-273376,-278134,-283149,-288259,-293694,-299368,-304107,-308965,-313533,-318311,-323542,-328431,-333383,-338489,-343443,-348432,-353521,-358192,-363398,-368145,-372792,-377651,-382436,-387694,-392706,-397695,-402412,-407250,-412386,-416807,-421430,-426224,-431581,-437032,-441889,-447078,-452320,-457248,-461994,-466744,-472008,-476978,-482259,-487242,-492005,-497145
